{
  "0": {
    "A_roof": 1081.6,
    "A_wall_gfs": 173.56,
    "A_win_gfs": 404.96,
    "C_roof": 626586567.6575094,
    "C_cca": 1178477225.0430176,
    "C_zone_gfs": 27562021.52111738,
    "C_zone_b": 8656009.9751364,
    "C_wall_gfs": 54799855.49324816,
    "C_wall_b": 44373944.0,
    "C_floor_fs": 50793037.57154714,
    "C_floor_g": 1112618414.8514822,
    "C_floor_b": 553956628.9350507,
    "G_roof_up": 266.98111754683856,
    "G_roof_dn": 122.99505780826972,
    "G_cca_up": 13589.518235635183,
    "G_cca_dn": 13550.14527684556,
    "G_wall_gfs_in": 1376.7995966484239,
    "G_wall_gfs_out": 12.716439584781664,
    "G_wall_b_in": 366.19445988671265,
    "G_wall_b_out": 24.381965866966713,
    "G_window_fs": 170.13725457637798,
    "G_floor_fs_up": 1791.9264293479946,
    "G_floor_fs_dn": 3238.1381686142295,
    "G_floor_g_up": 168.20472682500812,
    "G_floor_g_dn": 408.13501952596215,
    "G_floor_b_up": 38.978364857680255,
    "G_floor_b_dn": 351.08934241093857,
    "eta_cca": 1.0,
    "eta_rad": 1.0,
    "f_sol_roof": 0.012846093034685455,
    "f_sol_win_gfs": 0.030480177956342017,
    "f_sol_wall_gfs": 0.02713760899463091,
    "f_vent_gfs": 582.5989088851995,
    "f_vent_b": 286.69112752892215,
    "f_ground": 0.2937893914179737,
    "f_b": 0.5356861410223437,
    "frac_phi_cca_s": 0.4997322433119368,
    "frac_phi_cca_f": 0.2338798042627695,
    "phi_ig_s": 1.4230666682140605,
    "phi_ig_f": 1.5761775514769243,
    "phi_ig_g": 5.598963393363345
  },
  "672": {
    "A_roof": 1081.6,
    "A_wall_gfs": 173.56,
    "A_win_gfs": 404.96,
    "C_roof": 620940429.5565556,
    "C_cca": 1176195193.654752,
    "C_zone_gfs": 27477492.05918011,
    "C_zone_b": 1943228.8135341315,
    "C_wall_gfs": 147553011.72636268,
    "C_wall_b": 42330813.70350767,
    "C_floor_fs": 44593920.73910724,
    "C_floor_g": 1883936098.6492443,
    "C_floor_b": 570129669.7285305,
    "G_roof_up": 293.067566532614,
    "G_roof_dn": 600.5360197206832,
    "G_cca_up": 12588.546378559466,
    "G_cca_dn": 13397.137956666973,
    "G_wall_gfs_in": 1332.668990447755,
    "G_wall_gfs_out": 71.98817533760838,
    "G_wall_b_in": 1864.9430001968253,
    "G_wall_b_out": 89.001431097811,
    "G_window_fs": 511.8733447953017,
    "G_floor_fs_up": 1758.4358478034555,
    "G_floor_fs_dn": 2331.3520495764083,
    "G_floor_g_up": 128.4170995224584,
    "G_floor_g_dn": 1864.8264737346453,
    "G_floor_b_up": 172.0067282104263,
    "G_floor_b_dn": 201.33314115220156,
    "eta_cca": 1.0,
    "eta_rad": 1.0,
    "f_sol_roof": 0.005403265045064359,
    "f_sol_win_gfs": 0.022154262296220122,
    "f_sol_wall_gfs": 0.040014726791380704,
    "f_vent_gfs": 241.27751778877345,
    "f_vent_b": 264.28874867082214,
    "f_ground": 0.4806307409090623,
    "f_b": 0.5322375134399668,
    "frac_phi_cca_s": 0.36720258559617214,
    "frac_phi_cca_f": 0.20284565130804535,
    "phi_ig_s": 54.91035330048696,
    "phi_ig_f": 2.5473379705977512,
    "phi_ig_g": 1.0836172881987163
  },
  "1344": {
    "A_roof": 1081.6,
    "A_wall_gfs": 173.56,
    "A_win_gfs": 404.96,
    "C_roof": 610390126.1094029,
    "C_cca": 1175161868.6307309,
    "C_zone_gfs": 24497329.22396277,
    "C_zone_b": 2559837.8598980396,
    "C_wall_gfs": 42351290.49895236,
    "C_wall_b": 158505734.11800724,
    "C_floor_fs": 51655184.46779451,
    "C_floor_g": 1953444064.0711482,
    "C_floor_b": 145574443.86319244,
    "G_roof_up": 266.98145658689367,
    "G_roof_dn": 610.2728696398973,
    "G_cca_up": 12960.019615156702,
    "G_cca_dn": 13327.803565628275,
    "G_wall_gfs_in": 1313.6371122163391,
    "G_wall_gfs_out": 13.29490675236824,
    "G_wall_b_in": 1166.1206481374857,
    "G_wall_b_out": 49.030603941737304,
    "G_window_fs": 963.747862478863,
    "G_floor_fs_up": 1770.9659422603966,
    "G_floor_fs_dn": 2109.1761306452727,
    "G_floor_g_up": 141.4719985286148,
    "G_floor_g_dn": 395.3923886166782,
    "G_floor_b_up": 215.00970829593888,
    "G_floor_b_dn": 151.78459660682407,
    "eta_cca": 1.0,
    "eta_rad": 1.0,
    "f_sol_roof": 0.00967262682345168,
    "f_sol_win_gfs": 0.00022396488772713995,
    "f_sol_wall_gfs": 0.05188990572816241,
    "f_vent_gfs": 459.24414779593457,
    "f_vent_b": 291.2533881322179,
    "f_ground": 0.8100530335919274,
    "f_b": 0.25311276397297566,
    "frac_phi_cca_s": 0.20006878464765077,
    "frac_phi_cca_f": 0.21135718542988008,
    "phi_ig_s": 4.901353745127006,
    "phi_ig_f": 3242.8053541421555,
    "phi_ig_g": 4411.658333915556
  },
  "2016": {
    "A_roof": 1081.6,
    "A_wall_gfs": 173.56,
    "A_win_gfs": 404.96,
    "C_roof": 625864831.00582,
    "C_cca": 1178604261.4177125,
    "C_zone_gfs": 27561889.125409834,
    "C_zone_b": 8381606.009898945,
    "C_wall_gfs": 28161102.387844272,
    "C_wall_b": 196041440.40057567,
    "C_floor_fs": 48920214.2136021,
    "C_floor_g": 1957458410.5406024,
    "C_floor_b": 230894101.5727844,
    "G_roof_up": 268.47211732387063,
    "G_roof_dn": 145.26130204805943,
    "G_cca_up": 13554.970942242799,
    "G_cca_dn": 13572.846737677724,
    "G_wall_gfs_in": 345.43808437601973,
    "G_wall_gfs_out": 72.04227229453382,
    "G_wall_b_in": 765.2877359301217,
    "G_wall_b_out": 67.59519430735624,
    "G_window_fs": 503.6442135204505,
    "G_floor_fs_up": 1777.875572827582,
    "G_floor_fs_dn": 1872.9230730598745,
    "G_floor_g_up": 122.85796432940862,
    "G_floor_g_dn": 392.3937309505898,
    "G_floor_b_up": 61.67952888916397,
    "G_floor_b_dn": 171.82062589587866,
    "eta_cca": 1.0,
    "eta_rad": 1.0,
    "f_sol_roof": 9.446321594476043e-05,
    "f_sol_win_gfs": 0.022207441762483845,
    "f_sol_wall_gfs": 0.06981341666466155,
    "f_vent_gfs": 932.7949691584242,
    "f_vent_b": 59.670903949530995,
    "f_ground": 0.698569445999411,
    "f_b": 0.15195722651541058,
    "frac_phi_cca_s": 0.2001717879208878,
    "frac_phi_cca_f": 0.46104396213930016,
    "phi_ig_s": 4.125229194164811,
    "phi_ig_f": 1298.400538439244,
    "phi_ig_g": 1090.0700912689124
  },
  "2688": {
    "A_roof": 1081.6,
    "A_wall_gfs": 173.56,
    "A_win_gfs": 404.96,
    "C_roof": 630298902.6931568,
    "C_cca": 1176215801.0466025,
    "C_zone_gfs": 27422410.449224044,
    "C_zone_b": 1983965.4195705375,
    "C_wall_gfs": 30331454.02720236,
    "C_wall_b": 184666779.48183602,
    "C_floor_fs": 50628113.88216838,
    "C_floor_g": 1955777693.453817,
    "C_floor_b": 401356980.6278188,
    "G_roof_up": 998.9750086536659,
    "G_roof_dn": 194.84746555778833,
    "G_cca_up": 2959.637150609838,
    "G_cca_dn": 13592.347745599767,
    "G_wall_gfs_in": 1368.8887059802335,
    "G_wall_gfs_out": 12.877019579207523,
    "G_wall_b_in": 1729.6692378464445,
    "G_wall_b_out": 46.19483877510303,
    "G_window_fs": 963.1592800369086,
    "G_floor_fs_up": 1787.5088063380213,
    "G_floor_fs_dn": 7371.152053583372,
    "G_floor_g_up": 122.86497699322808,
    "G_floor_g_dn": 392.3996450000137,
    "G_floor_b_up": 60.44162931489727,
    "G_floor_b_dn": 588.005132462047,
    "eta_cca": 1.0,
    "eta_rad": 1.0,
    "f_sol_roof": 0.07487133653155552,
    "f_sol_win_gfs": 0.006789671915449516,
    "f_sol_wall_gfs": 0.007965907707366257,
    "f_vent_gfs": 828.5522622474629,
    "f_vent_b": 298.2036235373878,
    "f_ground": 0.4547592957439892,
    "f_b": 0.2810143419692798,
    "frac_phi_cca_s": 0.33624702734207057,
    "frac_phi_cca_f": 0.2033436516568607,
    "phi_ig_s": 25.358021791169655,
    "phi_ig_f": 8558.062740982481,
    "phi_ig_g": 12653.343996393882
  },
  "3360": {
    "A_roof": 1081.6,
    "A_wall_gfs": 173.56,
    "A_win_gfs": 404.96,
    "C_roof": 625673393.588997,
    "C_cca": 1178243429.2870097,
    "C_zone_gfs": 27510800.18706523,
    "C_zone_b": 4539835.563986409,
    "C_wall_gfs": 115774616.32385501,
    "C_wall_b": 50366928.00205927,
    "C_floor_fs": 42036992.75082661,
    "C_floor_g": 1956348817.9855835,
    "C_floor_b": 137906531.46453232,
    "G_roof_up": 293.6546311195911,
    "G_roof_dn": 273.5003714586362,
    "G_cca_up": 2634.399784743148,
    "G_cca_dn": 11761.049909286538,